Site,Species,Worm,Deer,Dry.Year.gm2,Standard.exchange.P.20,Standard.Total.P.20,SoilN.20Pool,P.Exch.Conc  ,P.Total.Conc  ,SoilN,Height,Dry.mass.above,Survival,L.4.L,Arbuscules,Vesicles,Coil,DSE,DSE.binomial,All.Mycorhizae,Arb.Ves
BOBO,Actaea,1,1,2.164,0.731272295,0.838446788,,1.637593985,0.740356633,0.37,7.1,0.07,0.75,0.421978619,5,0,7,0,0,12,1
BOBO,Actaea,1,1,2.164,0.731272295,0.838446788,,1.637593985,0.740356633,0.37,5,0.1,0.75,0.382116098,5,1,6,0,0,11,0.92
BOBO,Actaea,1,1,2.164,0.731272295,0.838446788,,1.637593985,0.740356633,0.37,4.6,0.48,0.75,0.292382087,5,0,5,0,0,10,1
BOBO,Actaea,1,1,2.164,0.731272295,0.838446788,,1.637593985,0.740356633,0.37,4.2,,0.75,,,,,,,,   
BOBO,Actaea,1,0,1.944,0.363852557,0.984779483,2.212424911,0.818796993,1.067754908,0.55011499,,0.35,1,0.348623413,,,,,,,   
BOBO,Actaea,1,0,1.944,0.363852557,0.984779483,2.212424911,0.818796993,1.067754908,0.55011499,20.5,0.77,1,0.369761371,15,12,15,0,0,30,0.71
BOBO,Actaea,1,0,1.944,0.363852557,0.984779483,2.212424911,0.818796993,1.067754908,0.55011499,4,0.27,1,0.29175046,,,,,,,   
BOBO,Actaea,1,0,1.944,0.363852557,0.984779483,2.212424911,0.818796993,1.067754908,0.55011499,5.5,0.44,1,0.308883079,4,1,3,1,1,7,0.88
BOBO,Actaea,0,1,0.012,1.815695601,0.427133269,0.238577892,0.562406015,0.712418647,0.56400492,4.3,0.12,1,0.32682773,,,,,,,   
BOBO,Actaea,0,1,0.012,1.815695601,0.427133269,0.238577892,0.562406015,0.712418647,0.56400492,7.5,0.33,1,0.26498626,,,,,,,   
BOBO,Actaea,0,1,0.012,1.815695601,0.427133269,0.238577892,0.562406015,0.712418647,0.56400492,13.5,1.12,1,0.282992821,4,2,8,1,1,12,0.86
BOBO,Actaea,0,1,0.012,1.815695601,0.427133269,0.238577892,0.562406015,0.712418647,0.56400492,5.5,1.83,1,0.33142822,14,6,9,0,0,23,0.79
BOBO,Actaea,0,0,,1.815695601,0.427133269,,,,,23,0.06,0.75,0.460437766,,,,,,,   
BOBO,Actaea,0,0,,1.815695601,0.427133269,,,,,5.4,0.1,0.75,0.429053856,,,,,,,   
BOBO,Actaea,0,0,,1.815695601,0.427133269,,,,, ,1.52,0.75,0.493685639,19,5,5,0,0,24,0.83
BOBO,Actaea,0,0,,1.815695601,0.427133269,,,,,5,,0.75,,,,,,,,   
RW,Actaea,1,1,0.644,0.232758621,0.648609779,,0.942857143,0.845124081,0.32,3.7,0.09,1,0.32040865,35,37,13,0,0,48,0.56
RW,Actaea,1,1,0.644,0.232758621,0.648609779,,0.942857143,0.845124081,0.32,16.5,0.27,1,0.35668444,21,21,21,0,0,42,0.67
RW,Actaea,1,1,0.644,0.232758621,0.648609779,,0.942857143,0.845124081,0.32,15.7,0.64,1,0.506438792,0,1,8,0,0,8,0.89
RW,Actaea,1,1,0.644,0.232758621,0.648609779,,0.942857143,0.845124081,0.32,7.7,1.46,1,0.264236496,15,12,10,0,0,25,0.68
RW,Actaea,1,0,3.268,0.60017836,1.419822627,0.819073446,1.190977444,0.795359543,0.308668914,6.5,0.07,0.75,0.320050101,5,8,14,0,0,19,0.7
RW,Actaea,1,0,3.268,0.60017836,1.419822627,0.819073446,1.190977444,0.795359543,0.308668914,4.3,0.34,0.75,0.317901029,24,15,11,0,0,35,0.7
RW,Actaea,1,0,3.268,0.60017836,1.419822627,0.819073446,1.190977444,0.795359543,0.308668914,4.8,1.16,0.75,0.295622016,18,15,17,0,0,35,0.7
RW,Actaea,1,0,3.268,0.60017836,1.419822627,0.819073446,1.190977444,0.795359543,0.308668914,2,,0.75,,,,,,,,   
RW,Actaea,0,1,,,,,,,, ,0.08,0.75,0.18826233,0,0,10,2,1,10,1
RW,Actaea,0,1,,,,,,,,7.6,0.01,0.75,0.318592517,13,4,13,0,0,26,0.87
RW,Actaea,0,1,,,,,,,,12,0.09,0.75,0.408953698,3,6,18,3,1,21,0.78
RW,Actaea,0,1,,,,,,,,11.5,,0.75,,0,4,25,5,1,25,0.86
RW,Actaea,0,0,0,0.318370987,0.938638543,0.031134435,1.372932331,1.151859887,0.292293373,,0.02,1,0.340259363,0,1,14,0,0,14,0.93
RW,Actaea,0,0,0,0.318370987,0.938638543,0.031134435,1.372932331,1.151859887,0.292293373,3.5,0.06,1,0.487924085,14,6,10,0,0,24,0.8
RW,Actaea,0,0,0,0.318370987,0.938638543,0.031134435,1.372932331,1.151859887,0.292293373,5.8,0.49,1,0.236345514,2,4,9,2,1,11,0.73
RW,Actaea,0,0,0,0.318370987,0.938638543,0.031134435,1.372932331,1.151859887,0.292293373,3.1,1.75,1,0.44700581,0,1,6,1,1,6,0.86
CH,Actaea,1,1,,,,,,,,4.3,0.06,0.75,0.390066153,1,1,15,0,0,16,0.94
CH,Actaea,1,1,,,,,,,,5.4,0.06,0.75,0.360993993,21,6,8,0,0,29,0.83
CH,Actaea,1,1,,,,,,,,2.8,0.51,0.75,0.235013347,,,,,,,   
CH,Actaea,1,1,,,,,,,,3,,0.75,,,,,,,,   
CH,Actaea,1,0,,,,,,,,5.6,0.07,1,0.366531195,2,2,10,3,1,12,0.86
CH,Actaea,1,0,,,,,,,,5,0.07,1,0.313816362,8,4,11,0,0,19,0.83
CH,Actaea,1,0,,,,,,,,5.2,0.38,1,0.371206701,14,5,15,0,0,29,0.85
CH,Actaea,1,0,,,,,,,,4,2.19,1,0.269097426,32,16.5,0,2,1,32,0.66
CH,Actaea,0,1,,,,,,,,3.8,0.11,1,0.266500759,,,,,,,   
CH,Actaea,0,1,,,,,,,,8,0.13,1,0.536106749,,,,,,,   
CH,Actaea,0,1,,,,,,,,6,0.21,1,0.433627138,,,,,,,   
CH,Actaea,0,1,,,,,,,,11.5,1.02,1,0.253786502,3,4,11,0,0,14,0.78
CH,Actaea,0,0,,,,,,,,4.2,0.04,1,0.416698802,,,,,,,   
CH,Actaea,0,0,,,,,,,,3.7,0.08,1,0.508363106,10,0,22,0,0,32,1
CH,Actaea,0,0,,,,,,,,9,0.07,1,0.396228321,16,1,14,0,0,30,0.97
CH,Actaea,0,0,,,,,,,,7.4,1.66,1,0.203254702,10,2,15,0,0,25,0.93
HH,Actaea,1,1,,,,,,,,5,0.05,0.5,0.48625763,8,2,17,1,1,25,0.93
HH,Actaea,1,1,,,,,,,,18,0.07,0.5,0.357195231,,,,,,,   
HH,Actaea,1,1,,,,,,,,9.5,,0.5,,,,,,,,   
HH,Actaea,1,1,,,,,,,,3.1,,0.5,,,,,,,,   
HH,Actaea,1,0,3.632,0.222057075,0.535234899,1.221060338,0.612030075,0.685644743,0.386935352,3,0.05,1,0.428601578,10,1,7,0,0,17,0.94
HH,Actaea,1,0,3.632,0.222057075,0.535234899,1.221060338,0.612030075,0.685644743,0.386935352,3.6,0.08,1,0.504035948,0,0,19,0,0,19,1
HH,Actaea,1,0,3.632,0.222057075,0.535234899,1.221060338,0.612030075,0.685644743,0.386935352,5.8,0.05,1,0.451358165,1,0,3,0,0,4,1
HH,Actaea,1,0,3.632,0.222057075,0.535234899,1.221060338,0.612030075,0.685644743,0.386935352,5.3,0.25,1,0.406288747,0,3,3,0,0,3,0.5
HH,Actaea,0,1,,,,,,,,,0.03,0.75,0.408763532,,,,,,,   
HH,Actaea,0,1,,,,,,,,6.7,0.18,0.75,0.466013811,1,1,5,0,0,6,0.86
HH,Actaea,0,1,,,,,,,,13,0.04,0.75,0.384372208,6,2,14,0,0,20,0.91
HH,Actaea,0,1,,,,,,,,7.6,,0.75,,,,,,,,   
HH,Actaea,0,0,0,3.941438763,1.265580057,17.43943416,0.496240601,1.590137044,0.385476192,3.1,0.08,1,0.462906904,2,1,13,0,0,15,0.94
HH,Actaea,0,0,0,3.941438763,1.265580057,17.43943416,0.496240601,1.590137044,0.385476192,23,0.11,1,0.407511348,5,1,14,0,0,19,0.95
HH,Actaea,0,0,0,3.941438763,1.265580057,17.43943416,0.496240601,1.590137044,0.385476192,6.7,0.28,1,0.484507827,25,8,9,0,0,34,0.81
HH,Actaea,0,0,0,3.941438763,1.265580057,17.43943416,0.496240601,1.590137044,0.385476192,11.4,0.36,1,0.434367692,11,4,13,0,0,24,0.86
YB,Actaea,1,1,1.916,0.181926278,1.075743049,0.749769089,0.793984962,0.927191915,0.29,22.5,0.05,0.75,0.361268265,6,3,5,1,1,11,0.79
YB,Actaea,1,1,1.916,0.181926278,1.075743049,0.749769089,0.793984962,0.927191915,0.29,11.5,0.35,0.75,0.30929005,,,,,,,   
YB,Actaea,1,1,1.916,0.181926278,1.075743049,0.749769089,0.793984962,0.927191915,0.29,16,0.11,0.75,0.317029061,2,1,4,0,0,6,0.86
YB,Actaea,1,1,1.916,0.181926278,1.075743049,0.749769089,0.793984962,0.927191915,0.29,4,,0.75,,,,,,,,   
YB,Actaea,1,0,1.756,0.259512485,1.103427613,1.678423269,1.315037594,1.058151225,0.585131671,4.5,0.13,0.75,0.311231528,15,13,11,1,1,26,0.67
YB,Actaea,1,0,1.756,0.259512485,1.103427613,1.678423269,1.315037594,1.058151225,0.585131671,4,0.06,0.75,0.371904577,7,4,3,0,0,10,0.71
YB,Actaea,1,0,1.756,0.259512485,1.103427613,1.678423269,1.315037594,1.058151225,0.585131671,2.8,0.19,0.75,0.194002819,16,1,4,0,0,20,0.95
YB,Actaea,1,0,1.756,0.259512485,1.103427613,1.678423269,1.315037594,1.058151225,0.585131671,,,0.75,,,,,,,,   
YB,Actaea,0,1,0.004,1.144173603,2.270134228,2.371279933,1.538345865,0.934176411,0.25,7.7,0.07,0.75,0.545691293,0,4,18,0,0,18,0.82
YB,Actaea,0,1,0.004,1.144173603,2.270134228,2.371279933,1.538345865,0.934176411,0.25, ,0.05,0.75,0.38710534,0,2,6,2,1,6,0.75
YB,Actaea,0,1,0.004,1.144173603,2.270134228,2.371279933,1.538345865,0.934176411,0.25,14,0.08,0.75,0.282012777,4,1,4,0,0,8,0.89
YB,Actaea,0,1,0.004,1.144173603,2.270134228,2.371279933,1.538345865,0.934176411,0.25,5,,0.75,,,,,,,,   
YB,Actaea,0,0,0.052,0.425386445,1.376318313,1.212913691,1.786466166,0.985687074,0.458600047,2.3,0.03,1,0.358555123,,,,,,,   
YB,Actaea,0,0,0.052,0.425386445,1.376318313,1.212913691,1.786466166,0.985687074,0.458600047,8.7,0.11,1,0.388314624,,,,,,,   
YB,Actaea,0,0,0.052,0.425386445,1.376318313,1.212913691,1.786466166,0.985687074,0.458600047,5.7,0.26,1,0.532033254,5,1,7,0,0,12,0.92
YB,Actaea,0,0,0.052,0.425386445,1.376318313,1.212913691,1.786466166,0.985687074,0.458600047,3,1.87,1,0.366792677,,,,,,,   
BOBO,Aquilegia,1,1,2.164,0.731272295,0.838446788,,1.637593985,0.740356633,0.37,12,0.02,0.6667,0.761803546,9,7,17,8,1,26,0.79
BOBO,Aquilegia,1,1,2.164,0.731272295,0.838446788,,1.637593985,0.740356633,0.37,12.2,0.05,0.6667,0.703007503,,,,,,,   
BOBO,Aquilegia,1,1,2.164,0.731272295,0.838446788,,1.637593985,0.740356633,0.37,10.4,,0.6667,,,,,,,,   
BOBO,Aquilegia,1,0,1.944,0.363852557,0.984779483,2.212424911,0.818796993,1.067754908,0.55011499,49.5,0.05,0.666666667,0.740383911,12,2,10,1,1,22,0.92
BOBO,Aquilegia,1,0,1.944,0.363852557,0.984779483,2.212424911,0.818796993,1.067754908,0.55011499,17.5,0.06,0.666666667,0.666910798,29,23,0,1,1,29,0.56
BOBO,Aquilegia,1,0,1.944,0.363852557,0.984779483,2.212424911,0.818796993,1.067754908,0.55011499,10.8,,0.666666667,,,,,,,,   
BOBO,Aquilegia,0,1,0.012,1.815695601,0.427133269,0.238577892,0.562406015,0.712418647,0.56400492,16,0.1,1,0.646483361,2,3,14,9,1,16,0.84
BOBO,Aquilegia,0,1,0.012,1.815695601,0.427133269,0.238577892,0.562406015,0.712418647,0.56400492,16.8,0.19,1,0.577891129,8,3,12,1,1,20,0.87
BOBO,Aquilegia,0,1,0.012,1.815695601,0.427133269,0.238577892,0.562406015,0.712418647,0.56400492,17.5,0.16,1,0.645384092,17,19,11,17,1,28,0.6
BOBO,Aquilegia,0,0,,1.815695601,0.427133269,,,,,10.6,0.01,0.333333333,0.703000377,1,0,8,11,1,9,1
BOBO,Aquilegia,0,0,,1.815695601,0.427133269,,,,,,,0.333333333,,,,,,,,   
BOBO,Aquilegia,0,0,,1.815695601,0.427133269,,,,,52,,0.333333333,,,,,,,,   
RW,Aquilegia,1,1,0.644,0.232758621,0.648609779,,0.942857143,0.845124081,0.32,10.8,,1,0.720689111,4,4,28,1,1,32,0.89
RW,Aquilegia,1,1,0.644,0.232758621,0.648609779,,0.942857143,0.845124081,0.32,60,0.03,1,0.63934716,0,9,2,15,1,2,0.18
RW,Aquilegia,1,1,0.644,0.232758621,0.648609779,,0.942857143,0.845124081,0.32,12.5,0.1,0,,,,,,,,   
RW,Aquilegia,1,0,3.268,0.60017836,1.419822627,0.819073446,1.190977444,0.795359543,0.308668914,50.5,0.08,0,,31,13,0,0,0,31,0.7
RW,Aquilegia,1,0,3.268,0.60017836,1.419822627,0.819073446,1.190977444,0.795359543,0.308668914,16.5,0.38,0,,15,4,18,2,1,33,0.89
RW,Aquilegia,1,0,3.268,0.60017836,1.419822627,0.819073446,1.190977444,0.795359543,0.308668914,17,0.24,0,,0,1,14,0,0,14,0.93
RW,Aquilegia,0,1,,,,,,,,,,0,,23,17,14,2,1,37,0.69
RW,Aquilegia,0,1,,,,,,,,10.5,,0,,5,5,0,3,1,5,0.5
RW,Aquilegia,0,1,,,,,,,,13,,0,,,,,,,,   
RW,Aquilegia,0,0,0,0.318370987,0.938638543,0.031134435,1.372932331,1.151859887,0.292293373,14.7,0.05,0,,,,,,,,   
RW,Aquilegia,0,0,0,0.318370987,0.938638543,0.031134435,1.372932331,1.151859887,0.292293373,12.2,0.03,0,,0,0,0,24,1,0,   
RW,Aquilegia,0,0,0,0.318370987,0.938638543,0.031134435,1.372932331,1.151859887,0.292293373,10.1,,0,,0,3,0,10,1,0,0
CH,Aquilegia,1,1,,,,,,,,10.8,0.06,1,0.665279975,5,1,1,2,1,6,0.86
CH,Aquilegia,1,1,,,,,,,,9.4,0.05,1,0.662733777,1,0,5,7,1,6,1
CH,Aquilegia,1,1,,,,,,,,20.5,0.38,1,0.55392801,14,3,16,0,0,30,0.91
CH,Aquilegia,1,0,,,,,,,,13,0.06,1,0.622549139,14,5,7,0,0,21,0.81
CH,Aquilegia,1,0,,,,,,,,16.3,0.45,1,0.634494031,13,12,17,1,1,30,0.71
CH,Aquilegia,1,0,,,,,,,,17.5,0.76,1,0.612006567,,,,,,,   
CH,Aquilegia,0,1,,,,,,,,12.5,0.06,1,0.709586584,8,0,3,7,1,11,1
CH,Aquilegia,0,1,,,,,,,,11,0.28,1,0.633934463,8,4,13,0,0,21,0.84
CH,Aquilegia,0,1,,,,,,,,11,0.37,1,0.539461872,,,,,,,   
CH,Aquilegia,0,0,,,,,,,,15.2,0.01,1,0.545383031,6,18,10,2,1,16,0.47
CH,Aquilegia,0,0,,,,,,,,12.6,0.14,1,0.591300082,7,18,8,1,1,15,0.45
CH,Aquilegia,0,0,,,,,,,,20.2,0.47,1,0.565083936,23,14,9,1,1,32,0.7
HH,Aquilegia,1,1,,,,,,,,19.7,0.04,0.666666667,0.705455761,42,26,0,0,0,42,0.62
HH,Aquilegia,1,1,,,,,,,,11.8,0.04,0.666666667,0.984211869,12,19,18,0,0,30,0.61
HH,Aquilegia,1,1,,,,,,,,58.5,,0.666666667,,0,5,23,6,1,23,0.82
HH,Aquilegia,1,0,3.632,0.222057075,0.535234899,1.221060338,0.612030075,0.685644743,0.386935352,15.2,0.04,1,0.624007718,21,15,11,18,1,32,0.68
HH,Aquilegia,1,0,3.632,0.222057075,0.535234899,1.221060338,0.612030075,0.685644743,0.386935352,9,0.04,1,0.743487751,22,11,7,0,0,29,0.73
HH,Aquilegia,1,0,3.632,0.222057075,0.535234899,1.221060338,0.612030075,0.685644743,0.386935352,58.5,0.57,1,0.631581395,6,13,25,0,0,31,0.7
HH,Aquilegia,0,1,,,,,,,,10,0.03,1,0.682348428,31,7,5,3,1,36,0.84
HH,Aquilegia,0,1,,,,,,,,8,0.03,1,0.71859128,15,17,12,2,1,27,0.61
HH,Aquilegia,0,1,,,,,,,,,0.04,1,0.597324342,38,19,4,0,0,42,0.69
HH,Aquilegia,0,0,0,3.941438763,1.265580057,17.43943416,0.496240601,1.590137044,0.385476192,13,0.05,0.666666667,0.685970904,0,4,33,1,1,33,0.89
HH,Aquilegia,0,0,0,3.941438763,1.265580057,17.43943416,0.496240601,1.590137044,0.385476192,22.3,0.07,0.666666667,0.543504127,2,22,26,7,1,28,0.56
HH,Aquilegia,0,0,0,3.941438763,1.265580057,17.43943416,0.496240601,1.590137044,0.385476192,18.7,,0.666666667,,,,,,,,   
YB,Aquilegia,1,1,1.916,0.181926278,1.075743049,0.749769089,0.793984962,0.927191915,0.29,16.3,0.17,0,,1,13,8,8,1,9,0.41
YB,Aquilegia,1,1,1.916,0.181926278,1.075743049,0.749769089,0.793984962,0.927191915,0.29,10.7,0.26,0,,0,2,14,3,1,14,0.88
YB,Aquilegia,1,1,1.916,0.181926278,1.075743049,0.749769089,0.793984962,0.927191915,0.29,14,0.06,0,,,,,,,,   
YB,Aquilegia,1,0,1.756,0.259512485,1.103427613,1.678423269,1.315037594,1.058151225,0.585131671,18.5,0.52,0.666666667,0.600099959,28,19,10,18,1,38,0.67
YB,Aquilegia,1,0,1.756,0.259512485,1.103427613,1.678423269,1.315037594,1.058151225,0.585131671,11.9,0.02,0.666666667,,20,20,3,3,1,23,0.53
YB,Aquilegia,1,0,1.756,0.259512485,1.103427613,1.678423269,1.315037594,1.058151225,0.585131671,21,0.05,0.666666667,,14,6,9,3,1,23,0.79
YB,Aquilegia,0,1,0.004,1.144173603,2.270134228,2.371279933,1.538345865,0.934176411,0.25,,0.08,0.666666667,0.599563173,6,14,21,2,1,27,0.66
YB,Aquilegia,0,1,0.004,1.144173603,2.270134228,2.371279933,1.538345865,0.934176411,0.25,20,0.08,0.666666667,0.649891034,14,17,7,2,1,21,0.55
YB,Aquilegia,0,1,0.004,1.144173603,2.270134228,2.371279933,1.538345865,0.934176411,0.25,16,,0.666666667,,,,,,,,   
YB,Aquilegia,0,0,0.052,0.425386445,1.376318313,1.212913691,1.786466166,0.985687074,0.458600047,64,0.18,0.666666667,0.588979346,12,22,22,0,0,34,0.61
YB,Aquilegia,0,0,0.052,0.425386445,1.376318313,1.212913691,1.786466166,0.985687074,0.458600047,13,0.29,0.666666667,0.614069902,0,5,14,1,1,14,0.74
YB,Aquilegia,0,0,0.052,0.425386445,1.376318313,1.212913691,1.786466166,0.985687074,0.458600047,9,,0.666666667,,,,,,,,   
BOBO,Cornus,1,1,2.164,0.731272295,0.838446788,,1.637593985,0.740356633,0.37,5.2,0.06,1,0.583669158,0,0,0.5,11,1,0.5,1
BOBO,Cornus,1,1,2.164,0.731272295,0.838446788,,1.637593985,0.740356633,0.37,16,0.1,1,0.544995006,,,,,,,   
BOBO,Cornus,1,1,2.164,0.731272295,0.838446788,,1.637593985,0.740356633,0.37,9,0.09,1,0.514947216,0,0,3,0,0,3,1
BOBO,Cornus,1,1,2.164,0.731272295,0.838446788,,1.637593985,0.740356633,0.37,9,0.09,1,0.555440207,,,,,,,   
BOBO,Cornus,1,0,1.944,0.363852557,0.984779483,2.212424911,0.818796993,1.067754908,0.55011499,10.5,0.07,1,0.585528484,,,,,,,   
BOBO,Cornus,1,0,1.944,0.363852557,0.984779483,2.212424911,0.818796993,1.067754908,0.55011499,7,0.07,1,0.529690879,,,,,,,   
BOBO,Cornus,1,0,1.944,0.363852557,0.984779483,2.212424911,0.818796993,1.067754908,0.55011499,9.2,0.04,1,0.505444419,20,3,0,14,1,20,0.87
BOBO,Cornus,1,0,1.944,0.363852557,0.984779483,2.212424911,0.818796993,1.067754908,0.55011499,11.2,0.14,1,0.515779603,16,12,0,1,1,16,0.57
BOBO,Cornus,0,1,0.012,1.815695601,0.427133269,0.238577892,0.562406015,0.712418647,0.56400492,10,0.12,1,0.388491074,,,,,,,   
BOBO,Cornus,0,1,0.012,1.815695601,0.427133269,0.238577892,0.562406015,0.712418647,0.56400492,11,0.1,1,0.45295605,5,1,7,0,0,12,0.92
BOBO,Cornus,0,1,0.012,1.815695601,0.427133269,0.238577892,0.562406015,0.712418647,0.56400492,13.5,0.1,1,0.442219155,,,,,,,   
BOBO,Cornus,0,1,0.012,1.815695601,0.427133269,0.238577892,0.562406015,0.712418647,0.56400492,10.5,0.11,1,0.579473638,25,15,0,1,1,25,0.63
BOBO,Cornus,0,0,,1.815695601,0.427133269,,,,,8,0.05,0.75,0.592914759,7,7,0,21,1,7,0.5
BOBO,Cornus,0,0,,1.815695601,0.427133269,,,,,8.5,0.05,0.75,0.385825863,,,,,,,   
BOBO,Cornus,0,0,,1.815695601,0.427133269,,,,,8.8,0.08,0.75,0.602423914,1,1,10,0,0,11,0.92
BOBO,Cornus,0,0,,1.815695601,0.427133269,,,,,10.1,,0.75,,,,,,,,   
RW,Cornus,1,1,0.644,0.232758621,0.648609779,,0.942857143,0.845124081,0.32,10.4,0.07,1,0.555027637,0,0,0,0,0,0,   
RW,Cornus,1,1,0.644,0.232758621,0.648609779,,0.942857143,0.845124081,0.32,12.5,0.07,1,0.466911478,0,0,0,0,0,0,   
RW,Cornus,1,1,0.644,0.232758621,0.648609779,,0.942857143,0.845124081,0.32,14.5,0.09,1,0.386496603,0,4,14,0,0,14,0.78
RW,Cornus,1,1,0.644,0.232758621,0.648609779,,0.942857143,0.845124081,0.32,9.7,0.13,1,0.464602384,,,,,,,   
RW,Cornus,1,0,3.268,0.60017836,1.419822627,0.819073446,1.190977444,0.795359543,0.308668914,10.6,0.08,1,0.401293847,,,,,,,   
RW,Cornus,1,0,3.268,0.60017836,1.419822627,0.819073446,1.190977444,0.795359543,0.308668914,9.5,0.09,1,0.305051862,1,0,2,0,0,3,1
RW,Cornus,1,0,3.268,0.60017836,1.419822627,0.819073446,1.190977444,0.795359543,0.308668914,10.5,0.06,1,0.411735169,11,4,0,8,1,11,0.73
RW,Cornus,1,0,3.268,0.60017836,1.419822627,0.819073446,1.190977444,0.795359543,0.308668914,10.8,0.31,1,0.501742375,6,5,3,0,0,9,0.64
RW,Cornus,0,1,,,,,,,,13.5,0.06,0.25,0.467938823,0,0,12,3,1,12,1
RW,Cornus,0,1,,,,,,,,8.7,,0.25,,,,,,,,   
RW,Cornus,0,1,,,,,,,,7.2,,0.25,,,,,,,,   
RW,Cornus,0,1,,,,,,,,6.2,,0.25,,,,,,,,   
RW,Cornus,0,0,0,0.318370987,0.938638543,0.031134435,1.372932331,1.151859887,0.292293373,9,0.08,0.75,0.532777181,0,0,5,0,0,5,1
RW,Cornus,0,0,0,0.318370987,0.938638543,0.031134435,1.372932331,1.151859887,0.292293373,10.7,0.08,0.75,0.346619742,0,1,10,1,1,10,0.91
RW,Cornus,0,0,0,0.318370987,0.938638543,0.031134435,1.372932331,1.151859887,0.292293373,11.5,0.15,0.75,0.530457898,1,0,6,0,0,7,1
RW,Cornus,0,0,0,0.318370987,0.938638543,0.031134435,1.372932331,1.151859887,0.292293373,7,0.11,0.75,,,,,,,,   
CH,Cornus,1,1,,,,,,,,5.9,0.04,1,0.68115123,19,1,13,0,0,32,0.97
CH,Cornus,1,1,,,,,,,,16,0.13,1,0.344931457,27,6,1,0,0,28,0.82
CH,Cornus,1,1,,,,,,,,9.3,0.18,1,0.397990344,0,1,5,0,0,5,0.83
CH,Cornus,1,1,,,,,,,,9.5,0.19,1,0.331056752,7,3,10,0,0,17,0.85
CH,Cornus,1,0,,,,,,,,10.4,0.03,1,0.625505734,2,2,27,0,0,29,0.94
CH,Cornus,1,0,,,,,,,,5.2,0.1,1,0.436699794,,,,,,,   
CH,Cornus,1,0,,,,,,,,5.6,0.1,1,0.414514402,,,,,,,   
CH,Cornus,1,0,,,,,,,,8.8,0.1,1,0.3221776,15.5,3,8,2.5,1,23.5,0.89
CH,Cornus,0,1,,,,,,,,9,0.09,1,0.54460176,,,,,,,   
CH,Cornus,0,1,,,,,,,,10,0.13,1,0.533293527,0,2,10,0,0,10,0.83
CH,Cornus,0,1,,,,,,,,6.5,0.06,1,0.590553839,2,0,3,1,1,5,1
CH,Cornus,0,1,,,,,,,,8.9,0.18,1,0.450395067,13.5,0,12,0.5,1,25.5,1
CH,Cornus,0,0,,,,,,,,6,0.08,1,0.492748973,0,0.5,2,19.5,1,2,0.8
CH,Cornus,0,0,,,,,,,,13,0.04,1,0.749711803,0,0,21,2,2,21,1
CH,Cornus,0,0,,,,,,,,12.4,0.13,1,0.492724039,0,1,11,4,4,11,0.92
CH,Cornus,0,0,,,,,,,,9.5,0.07,1,0.519296993,4,0.5,12,8.5,1,16,0.97
HH,Cornus,1,1,,,,,,,,10.7,0.11,0.5,0.70343499,31,17,0,0,0,31,0.65
HH,Cornus,1,1,,,,,,,,8.7,0.1,0.5,0.341498143,4,6,27,0,0,31,0.84
HH,Cornus,1,1,,,,,,,,11.6,,0.5,,,,,,,,   
HH,Cornus,1,1,,,,,,,,6.9,,0.5,,,,,,,,   
HH,Cornus,1,0,3.632,0.222057075,0.535234899,1.221060338,0.612030075,0.685644743,0.386935352,9,0.07,1,0.498675851,1,1,2,2.5,1,3,0.75
HH,Cornus,1,0,3.632,0.222057075,0.535234899,1.221060338,0.612030075,0.685644743,0.386935352,15.5,0.05,1,0.585973143,0,2,18,0,0,18,0.9
HH,Cornus,1,0,3.632,0.222057075,0.535234899,1.221060338,0.612030075,0.685644743,0.386935352,10,0.05,1,0.53896993,2,4,4,0,0,6,0.6
HH,Cornus,1,0,3.632,0.222057075,0.535234899,1.221060338,0.612030075,0.685644743,0.386935352,9,0.24,1,0.353137141,1,12,10,0,0,11,0.48
HH,Cornus,0,1,,,,,,,,12.5,0.05,1,0.756285557,7,1.5,1,3.5,1,8,0.84
HH,Cornus,0,1,,,,,,,,7.6,0.08,1,0.615695078,15,8,19,1,1,34,0.81
HH,Cornus,0,1,,,,,,,,11.5,0.09,1,0.616704868,0,9,13,0,0,13,0.59
HH,Cornus,0,1,,,,,,,,9.7,0.14,1,0.683693288,0,0,2,13.5,1,2,1
HH,Cornus,0,0,0,3.941438763,1.265580057,17.43943416,0.496240601,1.590137044,0.385476192,9.5,0.05,1,0.616680333,,,,,,,   
HH,Cornus,0,0,0,3.941438763,1.265580057,17.43943416,0.496240601,1.590137044,0.385476192,9,0.11,1,0.548886278,9,5,19,0,0,28,0.85
HH,Cornus,0,0,0,3.941438763,1.265580057,17.43943416,0.496240601,1.590137044,0.385476192,5.2,0.19,1,0.574296591,16,5.5,1,1,1,17,0.76
HH,Cornus,0,0,0,3.941438763,1.265580057,17.43943416,0.496240601,1.590137044,0.385476192,9.2,0.08,1,0.556271071,,,,,,,   
YB,Cornus,1,1,1.916,0.181926278,1.075743049,0.749769089,0.793984962,0.927191915,0.29,9,0.04,1,0.513250078,0,1,15,0,0,15,0.94
YB,Cornus,1,1,1.916,0.181926278,1.075743049,0.749769089,0.793984962,0.927191915,0.29,9,0.03,1,0.562479483,,,,,,,   
YB,Cornus,1,1,1.916,0.181926278,1.075743049,0.749769089,0.793984962,0.927191915,0.29,7,0.13,1,0.458558226,8,8,7,0,0,15,0.65
YB,Cornus,1,1,1.916,0.181926278,1.075743049,0.749769089,0.793984962,0.927191915,0.29,9,0.09,1,0.429899082,10,2,20,0,0,30,0.94
YB,Cornus,1,0,1.756,0.259512485,1.103427613,1.678423269,1.315037594,1.058151225,0.585131671,12,0.1,1,0.495410138,,,,,,,   
YB,Cornus,1,0,1.756,0.259512485,1.103427613,1.678423269,1.315037594,1.058151225,0.585131671,11.3,0.07,1,0.446358632,,,,,,,   
YB,Cornus,1,0,1.756,0.259512485,1.103427613,1.678423269,1.315037594,1.058151225,0.585131671,14.2,0.13,1,0.393303026,0,1,6,0,0,6,0.86
YB,Cornus,1,0,1.756,0.259512485,1.103427613,1.678423269,1.315037594,1.058151225,0.585131671,9.4,0.11,1,0.426346324,17,1.5,5.5,2.5,1,22.5,0.94
YB,Cornus,0,1,0.004,1.144173603,2.270134228,2.371279933,1.538345865,0.934176411,0.25,9,0.11,0.5,0.590538845,,,,,,,   
YB,Cornus,0,1,0.004,1.144173603,2.270134228,2.371279933,1.538345865,0.934176411,0.25,13.5,0.09,0.5,0.627287098,,,,,,,   
YB,Cornus,0,1,0.004,1.144173603,2.270134228,2.371279933,1.538345865,0.934176411,0.25,11,,0.5,,,,,,,,   
YB,Cornus,0,1,0.004,1.144173603,2.270134228,2.371279933,1.538345865,0.934176411,0.25,15,,0.5,,,,,,,,   
YB,Cornus,0,0,0.052,0.425386445,1.376318313,1.212913691,1.786466166,0.985687074,0.458600047,8.5,0.06,1,0.625184181,2,0.5,4.5,0,0,6.5,0.93
YB,Cornus,0,0,0.052,0.425386445,1.376318313,1.212913691,1.786466166,0.985687074,0.458600047,6.8,0.06,1,0.394905382,20,8,2,1,1,22,0.73
YB,Cornus,0,0,0.052,0.425386445,1.376318313,1.212913691,1.786466166,0.985687074,0.458600047,15.4,0.15,1,0.431088262,19.5,8,0,0.5,0.5,19.5,0.71
YB,Cornus,0,0,0.052,0.425386445,1.376318313,1.212913691,1.786466166,0.985687074,0.458600047,9.8,0.12,1,0.482050107,,,,,,,   
BOBO,Prenanthes,1,1,2.164,0.731272295,0.838446788,,1.637593985,0.740356633,0.37,6.3,0.02,0.25,0.355936854,0,9,20,20,20,20,0.69
BOBO,Prenanthes,1,1,2.164,0.731272295,0.838446788,,1.637593985,0.740356633,0.37,7,,0.25,,,,,,,,   
BOBO,Prenanthes,1,1,2.164,0.731272295,0.838446788,,1.637593985,0.740356633,0.37,8.5,,0.25,,2,3,1,16,16,3,0.5
BOBO,Prenanthes,1,1,2.164,0.731272295,0.838446788,,1.637593985,0.740356633,0.37,7.2,,0.25,,,,,,,,   
BOBO,Prenanthes,1,0,1.944,0.363852557,0.984779483,2.212424911,0.818796993,1.067754908,0.55011499,4.3,0.01,0.5,0.659686327,2,8,19,1,1,21,0.72
BOBO,Prenanthes,1,0,1.944,0.363852557,0.984779483,2.212424911,0.818796993,1.067754908,0.55011499,10,0.07,0.5,0.628219024,,,,,,,   
BOBO,Prenanthes,1,0,1.944,0.363852557,0.984779483,2.212424911,0.818796993,1.067754908,0.55011499,8.7,,0.5,,,,,,,,   
BOBO,Prenanthes,1,0,1.944,0.363852557,0.984779483,2.212424911,0.818796993,1.067754908,0.55011499,9,,0.5,,,,,,,,   
BOBO,Prenanthes,0,1,0.012,1.815695601,0.427133269,0.238577892,0.562406015,0.712418647,0.56400492,11.7,0.05,1,0.663515648,2,20,34,2,2,36,0.64
BOBO,Prenanthes,0,1,0.012,1.815695601,0.427133269,0.238577892,0.562406015,0.712418647,0.56400492,5,0.01,1,0.608969459,0,1,29,24,24,29,0.97
BOBO,Prenanthes,0,1,0.012,1.815695601,0.427133269,0.238577892,0.562406015,0.712418647,0.56400492,7.5,0.02,1,0.514481793,4,10,30,8,8,34,0.77
BOBO,Prenanthes,0,1,0.012,1.815695601,0.427133269,0.238577892,0.562406015,0.712418647,0.56400492,14,0.13,1,0.568037118,3,11,20,11,11,23,0.68
BOBO,Prenanthes,0,0,,1.815695601,0.427133269,,,,,15.2,,0,,,,,,,,   
BOBO,Prenanthes,0,0,,1.815695601,0.427133269,,,,,7.7,,0,,,,,,,,   
BOBO,Prenanthes,0,0,,1.815695601,0.427133269,,,,,14.5,,0,,,,,,,,   
BOBO,Prenanthes,0,0,,1.815695601,0.427133269,,,,,8.6,,0,,,,,,,,   
RW,Prenanthes,1,1,0.644,0.232758621,0.648609779,,0.942857143,0.845124081,0.32,7.2,0.02,0.75,0.657207699,0,0,0,0,0,0,   
RW,Prenanthes,1,1,0.644,0.232758621,0.648609779,,0.942857143,0.845124081,0.32,5,0.02,0.75,0.46216536,13,18,24,19,19,37,0.67
RW,Prenanthes,1,1,0.644,0.232758621,0.648609779,,0.942857143,0.845124081,0.32,8,0.03,0.75,0.347534384,0,3,3,6,6,3,0.5
RW,Prenanthes,1,1,0.644,0.232758621,0.648609779,,0.942857143,0.845124081,0.32,13,,0.75,,,,,,,,   
RW,Prenanthes,1,0,3.268,0.60017836,1.419822627,0.819073446,1.190977444,0.795359543,0.308668914,6.7,,0,,,,,,,,   
RW,Prenanthes,1,0,3.268,0.60017836,1.419822627,0.819073446,1.190977444,0.795359543,0.308668914,7.5,,0,,,,,,,,   
RW,Prenanthes,1,0,3.268,0.60017836,1.419822627,0.819073446,1.190977444,0.795359543,0.308668914,9.5,,0,,,,,,,,   
RW,Prenanthes,1,0,3.268,0.60017836,1.419822627,0.819073446,1.190977444,0.795359543,0.308668914,8,,0,,,,,,,,   
RW,Prenanthes,0,1,,,,,,,,6.9,0.03,0.5,0.548639327,2,7,33,5,5,35,0.83
RW,Prenanthes,0,1,,,,,,,,11.3,0.02,0.5,0.351979138,0,0,22,18,18,22,1
RW,Prenanthes,0,1,,,,,,,,8.7,,0.5,,,,,,,,   
RW,Prenanthes,0,1,,,,,,,,7.7,0.05,0.5,,0,5,16,1,1,16,0.76
RW,Prenanthes,0,0,0,0.318370987,0.938638543,0.031134435,1.372932331,1.151859887,0.292293373,6.1,0.01,0.25,0.266452508,2,0,38,0,0,40,1
RW,Prenanthes,0,0,0,0.318370987,0.938638543,0.031134435,1.372932331,1.151859887,0.292293373,9.3,,0.25,,,,,,,,   
RW,Prenanthes,0,0,0,0.318370987,0.938638543,0.031134435,1.372932331,1.151859887,0.292293373,9.5,,0.25,,,,,,,,   
RW,Prenanthes,0,0,0,0.318370987,0.938638543,0.031134435,1.372932331,1.151859887,0.292293373,11.2,,0.25,,,,,,,,   
CH,Prenanthes,1,1,,,,,,,,7.7,0.04,0.75,0.487204151,7,6,10,0,0,17,0.74
CH,Prenanthes,1,1,,,,,,,,5.2,0.05,0.75,0.679482252,0,10,23,8,8,23,0.7
CH,Prenanthes,1,1,,,,,,,,9.2,0.04,0.75,0.645844313,0,1,1,5,5,1,0.5
CH,Prenanthes,1,1,,,,,,,,7,,0.75,,,,,,,,   
CH,Prenanthes,1,0,,,,,,,,6.8,0.03,0.75,0.527820316,0,2,3,9,9,3,0.6
CH,Prenanthes,1,0,,,,,,,,9.1,0.17,0.75,0.59693234,0,14,41,16,16,41,0.75
CH,Prenanthes,1,0,,,,,,,,10.8,0.05,0.75,0.603407319,14,23,25,2,2,39,0.63
CH,Prenanthes,1,0,,,,,,,,6.5,0.04,0.75,,,,,,,,   
CH,Prenanthes,0,1,,,,,,,,11.6,0.02,0.75,0.470508548,2,3,8,11,11,10,0.77
CH,Prenanthes,0,1,,,,,,,,8,0.02,0.75,0.408454869,0,1,0,8,8,0,0
CH,Prenanthes,0,1,,,,,,,,8,0.04,0.75,0.670495399,10,8,12,0,0,22,0.73
CH,Prenanthes,0,1,,,,,,,,9.7,,0.75,,,,,,,,   
CH,Prenanthes,0,0,,,,,,,,12,0.2,0.75,0.580195606,0,1,0,28,28,0,0
CH,Prenanthes,0,0,,,,,,,,9.4,0.03,0.75,0.53840705,0,2,4,5,5,4,0.67
CH,Prenanthes,0,0,,,,,,,,8,0.05,0.75,0.187183146,0,1,7,18,18,7,0.88
CH,Prenanthes,0,0,,,,,,,,9.7,,0.75,,,,,,,,   
HH,Prenanthes,1,1,,,,,,,,6.2,0.01,0.25,0.420789609,2,7,21,0,0,23,0.77
HH,Prenanthes,1,1,,,,,,,,6.6,,0.25,,,,,,,,   
HH,Prenanthes,1,1,,,,,,,,10.2,,0.25,,,,,,,,   
HH,Prenanthes,1,1,,,,,,,,8,,0.25,,,,,,,,   
HH,Prenanthes,1,0,3.632,0.222057075,0.535234899,1.221060338,0.612030075,0.685644743,0.386935352,9.5,0.01,0.5,0.451573412,3,16,44,13,13,47,0.75
HH,Prenanthes,1,0,3.632,0.222057075,0.535234899,1.221060338,0.612030075,0.685644743,0.386935352,5.7,0.06,0.5,0.672558702,2,9,14,2,2,16,0.64
HH,Prenanthes,1,0,3.632,0.222057075,0.535234899,1.221060338,0.612030075,0.685644743,0.386935352,6.1,,0.5,,,,,,,,   
HH,Prenanthes,1,0,3.632,0.222057075,0.535234899,1.221060338,0.612030075,0.685644743,0.386935352,3.2,,0.5,,,,,,,,   
HH,Prenanthes,0,1,,,,,,,,9.2,0.01,0.5,0.788521843,1,8,34,6,6,35,0.81
HH,Prenanthes,0,1,,,,,,,,8.4,0.05,0.5,0.623891772,,,,,,,   
HH,Prenanthes,0,1,,,,,,,,7.5,,0.5,,,,,,,,   
HH,Prenanthes,0,1,,,,,,,,6.5,,0.5,,,,,,,,   
HH,Prenanthes,0,0,0,3.941438763,1.265580057,17.43943416,0.496240601,1.590137044,0.385476192,6.2,0.03,0.75,0.739044855,12,9,22,18,18,34,0.79
HH,Prenanthes,0,0,0,3.941438763,1.265580057,17.43943416,0.496240601,1.590137044,0.385476192,9.8,0.02,0.75,0.51390467,13,16,25,7,7,38,0.7
HH,Prenanthes,0,0,0,3.941438763,1.265580057,17.43943416,0.496240601,1.590137044,0.385476192,13.8,0.02,0.75,0.347635276,0,0,0,10,10,0,   
HH,Prenanthes,0,0,0,3.941438763,1.265580057,17.43943416,0.496240601,1.590137044,0.385476192,7.7,,0.75,,,,,,,,   
YB,Prenanthes,1,1,1.916,0.181926278,1.075743049,0.749769089,0.793984962,0.927191915,0.29,8,0.02,0.5,0.399830845,1,7,6,2,2,7,0.5
YB,Prenanthes,1,1,1.916,0.181926278,1.075743049,0.749769089,0.793984962,0.927191915,0.29,7.7,0.02,0.5,0.557739285,2,5,23,15,15,25,0.83
YB,Prenanthes,1,1,1.916,0.181926278,1.075743049,0.749769089,0.793984962,0.927191915,0.29,6,,0.5,,,,,,,,   
YB,Prenanthes,1,1,1.916,0.181926278,1.075743049,0.749769089,0.793984962,0.927191915,0.29,8,,0.5,,,,,,,,   
YB,Prenanthes,1,0,1.756,0.259512485,1.103427613,1.678423269,1.315037594,1.058151225,0.585131671,8.2,,0,,,,,,,,   
YB,Prenanthes,1,0,1.756,0.259512485,1.103427613,1.678423269,1.315037594,1.058151225,0.585131671,12.8,,0,,,,,,,,   
YB,Prenanthes,1,0,1.756,0.259512485,1.103427613,1.678423269,1.315037594,1.058151225,0.585131671,5,,0,,,,,,,,   
YB,Prenanthes,1,0,1.756,0.259512485,1.103427613,1.678423269,1.315037594,1.058151225,0.585131671,8.2,,0,,,,,,,,   
YB,Prenanthes,0,1,0.004,1.144173603,2.270134228,2.371279933,1.538345865,0.934176411,0.25,10.8,,0,,,,,,,,   
YB,Prenanthes,0,1,0.004,1.144173603,2.270134228,2.371279933,1.538345865,0.934176411,0.25,4.8,,0,,,,,,,,   
YB,Prenanthes,0,1,0.004,1.144173603,2.270134228,2.371279933,1.538345865,0.934176411,0.25,9.3,,0,,,,,,,,   
YB,Prenanthes,0,1,0.004,1.144173603,2.270134228,2.371279933,1.538345865,0.934176411,0.25,13.8,,0,,,,,,,,   
YB,Prenanthes,0,0,0.052,0.425386445,1.376318313,1.212913691,1.786466166,0.985687074,0.458600047,8,0.08,0.25,0.642517594,1,15,22,10,10,23,0.61
YB,Prenanthes,0,0,0.052,0.425386445,1.376318313,1.212913691,1.786466166,0.985687074,0.458600047,10.8,,0.25,,,,,,,,   
YB,Prenanthes,0,0,0.052,0.425386445,1.376318313,1.212913691,1.786466166,0.985687074,0.458600047,8.5,,0.25,,,,,,,,   
YB,Prenanthes,0,0,0.052,0.425386445,1.376318313,1.212913691,1.786466166,0.985687074,0.458600047,8.7,,0.25,,,,,,,,   
BOBO,Quercus,1,1,2.164,0.731272295,0.838446788,,1.637593985,0.740356633,0.37,10,0.86,0.6,0.429952129,0,8,17,0,0,17,0.68
BOBO,Quercus,1,1,2.164,0.731272295,0.838446788,,1.637593985,0.740356633,0.37,7.5,1.08,0.6,0.4790162,0,9,14,0,0,14,0.61
BOBO,Quercus,1,1,2.164,0.731272295,0.838446788,,1.637593985,0.740356633,0.37,7.6,0.48,0.6,0.404361425,0,1,3,0,0,3,0.75
BOBO,Quercus,1,1,2.164,0.731272295,0.838446788,,1.637593985,0.740356633,0.37,10.9,,0.6,,,,,,,,   
BOBO,Quercus,1,1,2.164,0.731272295,0.838446788,,1.637593985,0.740356633,0.37,6.5,,0.6,,,,,,,,   
BOBO,Quercus,1,0,1.944,0.363852557,0.984779483,2.212424911,0.818796993,1.067754908,0.55011499,6.5,0.68,0.4,0.363935874,0,9,5,0,0,5,0.36
BOBO,Quercus,1,0,1.944,0.363852557,0.984779483,2.212424911,0.818796993,1.067754908,0.55011499,6,0.53,0.4,0.548964676,0,0,2,0,0,2,1
BOBO,Quercus,1,0,1.944,0.363852557,0.984779483,2.212424911,0.818796993,1.067754908,0.55011499,10.7,,0.4,,,,,,,,   
BOBO,Quercus,1,0,1.944,0.363852557,0.984779483,2.212424911,0.818796993,1.067754908,0.55011499,8,,0.4,,,,,,,,   
BOBO,Quercus,1,0,1.944,0.363852557,0.984779483,2.212424911,0.818796993,1.067754908,0.55011499,10,,0.4,,,,,,,,   
BOBO,Quercus,0,1,0.012,1.815695601,0.427133269,0.238577892,0.562406015,0.712418647,0.56400492,6.5,0.47,1,0.531664736,0,7,18,0,0,18,0.72
BOBO,Quercus,0,1,0.012,1.815695601,0.427133269,0.238577892,0.562406015,0.712418647,0.56400492,7.8,0.51,1,0.441211215,0,1,25,0,0,25,0.96
BOBO,Quercus,0,1,0.012,1.815695601,0.427133269,0.238577892,0.562406015,0.712418647,0.56400492,8,0.71,1,0.4352977,0,2,32,0,0,32,0.94
BOBO,Quercus,0,1,0.012,1.815695601,0.427133269,0.238577892,0.562406015,0.712418647,0.56400492,8.2,0.61,1,0.580589309,4,5,33,0,0,37,0.88
BOBO,Quercus,0,1,0.012,1.815695601,0.427133269,0.238577892,0.562406015,0.712418647,0.56400492,9.5,0.69,1,0.49666703,0,8,17,0,0,17,0.68
BOBO,Quercus,0,0,,1.815695601,0.427133269,,,,,5.4,,0,,,,,,,,   
BOBO,Quercus,0,0,,1.815695601,0.427133269,,,,,8.5,,0,,0,6,32,0,0,32,0.84
BOBO,Quercus,0,0,,1.815695601,0.427133269,,,,,5,,0,,,,,,,,   
BOBO,Quercus,0,0,,1.815695601,0.427133269,,,,,10.7,,0,,,,,,,,   
BOBO,Quercus,0,0,,1.815695601,0.427133269,,,,,7,,0,,,,,,,,   
RW,Quercus,1,1,0.644,0.232758621,0.648609779,,0.942857143,0.845124081,0.32,8.1,0.22,0.6,0.400336919,5,11,31,0,0,36,0.77
RW,Quercus,1,1,0.644,0.232758621,0.648609779,,0.942857143,0.845124081,0.32,10.8,0.74,0.6,0.633981703,0,8,7,0,0,7,0.47
RW,Quercus,1,1,0.644,0.232758621,0.648609779,,0.942857143,0.845124081,0.32,6.2,0.71,0.6,0.532298412,0,1,7,1,1,7,0.88
RW,Quercus,1,1,0.644,0.232758621,0.648609779,,0.942857143,0.845124081,0.32,8.7,,0.6,,,,,,,,   
RW,Quercus,1,1,0.644,0.232758621,0.648609779,,0.942857143,0.845124081,0.32,13,,0.6,,,,,,,,   
RW,Quercus,1,0,3.268,0.60017836,1.419822627,0.819073446,1.190977444,0.795359543,0.308668914,7.5,0.4,0.8,0.460754002,0,1,10,0,0,10,0.91
RW,Quercus,1,0,3.268,0.60017836,1.419822627,0.819073446,1.190977444,0.795359543,0.308668914,10.7,0.67,0.8,0.427652548,0,7,7,0,0,7,0.5
RW,Quercus,1,0,3.268,0.60017836,1.419822627,0.819073446,1.190977444,0.795359543,0.308668914,8,0.55,0.8,0.512763794,0,8,11,0,0,11,0.58
RW,Quercus,1,0,3.268,0.60017836,1.419822627,0.819073446,1.190977444,0.795359543,0.308668914,12,0.5,0.8,0.594128538,0,10,20,0,0,20,0.67
RW,Quercus,1,0,3.268,0.60017836,1.419822627,0.819073446,1.190977444,0.795359543,0.308668914,9.2,,0.8,,,,,,,,   
RW,Quercus,0,1,,,,,,,,8,,0,,,,,,,,   
RW,Quercus,0,1,,,,,,,,9.5,,0,,,,,,,,   
RW,Quercus,0,1,,,,,,,,6.5,,0,,,,,,,,   
RW,Quercus,0,1,,,,,,,,6.8,,0,,,,,,,,   
RW,Quercus,0,1,,,,,,,,8.2,,0,,,,,,,,   
RW,Quercus,0,0,0,0.318370987,0.938638543,0.031134435,1.372932331,1.151859887,0.292293373,13.5,0.38,1,0.529533437,3,6,18,0,0,21,0.78
RW,Quercus,0,0,0,0.318370987,0.938638543,0.031134435,1.372932331,1.151859887,0.292293373,8.6,0.35,1,0.609438843,0,5,13,0,0,13,0.72
RW,Quercus,0,0,0,0.318370987,0.938638543,0.031134435,1.372932331,1.151859887,0.292293373,7.8,0.63,1,0.381603905,0,7,14,0,0,14,0.67
RW,Quercus,0,0,0,0.318370987,0.938638543,0.031134435,1.372932331,1.151859887,0.292293373,10,0.64,1,0.578335299,0,0,6,0,0,6,1
RW,Quercus,0,0,0,0.318370987,0.938638543,0.031134435,1.372932331,1.151859887,0.292293373,9.9,0.89,1,0.448786445,9,3,16,0,0,25,0.89
CH,Quercus,1,1,,,,,,,,8.3,0.53,0.8,0.438844859,2,17,21,1,1,23,0.58
CH,Quercus,1,1,,,,,,,,6.6,0.59,0.8,0.401928263,0,8,16,0,0,16,0.67
CH,Quercus,1,1,,,,,,,,10,0.25,0.8,0.38175536,0,7,11,0,0,11,0.61
CH,Quercus,1,1,,,,,,,,8.5,0.65,0.8,0.364113539,0,18,21,0,0,21,0.54
CH,Quercus,1,1,,,,,,,,12.5,,0.8,,,,,,,,   
CH,Quercus,1,0,,,,,,,,9.8,0.68,0.6,0.42034621,0,4,4,0,0,4,0.5
CH,Quercus,1,0,,,,,,,,9.5,0.72,0.6,0.573700386,0,3,6,0,0,6,0.67
CH,Quercus,1,0,,,,,,,,10.9,0.55,0.6,0.445720578,1,6,10,0,0,11,0.65
CH,Quercus,1,0,,,,,,,,10.5,,0.6,,,,,,,,   
CH,Quercus,1,0,,,,,,,,10.2,,0.6,,,,,,,,   
CH,Quercus,0,1,,,,,,,,13.5,0.7,0.8,0.579903655,0,5,3,0,0,3,0.38
CH,Quercus,0,1,,,,,,,,9,0.34,0.8,0.636103876,2,12,24,0,0,26,0.68
CH,Quercus,0,1,,,,,,,,11,0.96,0.8,0.463759182,3,10,22,0,0,25,0.71
CH,Quercus,0,1,,,,,,,,8,0.78,0.8,0.673749964,0,2,10,0,0,10,0.83
CH,Quercus,0,1,,,,,,,,11,,0.8,,,,,,,,   
CH,Quercus,0,0,,,,,,,,10.7,0.54,0.4,0.480314635,0,0,2,0,0,2,1
CH,Quercus,0,0,,,,,,,,8.5,0.38,0.4,0.642216213,0,5,23,0,0,23,0.82
CH,Quercus,0,0,,,,,,,,8,0.6,0.4,0.597760853,11,13,33,0,0,44,0.77
CH,Quercus,0,0,,,,,,,,7.5,,0.4,,,,,,,,   
CH,Quercus,0,0,,,,,,,,6.5,,0.4,,,,,,,,   
HH,Quercus,1,1,,,,,,,,8.6,0.26,0.8,0.598923663,0,5,9,0,0,9,0.64
HH,Quercus,1,1,,,,,,,,9.5,1,0.8,0.55455597,,,,,,,   
HH,Quercus,1,1,,,,,,,,6.8,1.15,0.8,0.605275203,0,7,23,0,0,23,0.77
HH,Quercus,1,1,,,,,,,,8.5,1.22,0.8,0.543085085,0,1,20,0,0,20,0.95
HH,Quercus,1,1,,,,,,,,8.3,,0.8,,,,,,,,   
HH,Quercus,1,0,3.632,0.222057075,0.535234899,1.221060338,0.612030075,0.685644743,0.386935352,8.5,0.56,0.6,0.57565405,25,1,0,0,0,25,0.96
HH,Quercus,1,0,3.632,0.222057075,0.535234899,1.221060338,0.612030075,0.685644743,0.386935352,8.9,0.87,0.6,0.648040753,2,10,17,0,0,19,0.66
HH,Quercus,1,0,3.632,0.222057075,0.535234899,1.221060338,0.612030075,0.685644743,0.386935352,6.8,1.1,0.6,0.522050602,0,14,23,0,0,23,0.62
HH,Quercus,1,0,3.632,0.222057075,0.535234899,1.221060338,0.612030075,0.685644743,0.386935352,10.2,,0.6,,6,15,32,4,4,38,0.72
HH,Quercus,1,0,3.632,0.222057075,0.535234899,1.221060338,0.612030075,0.685644743,0.386935352,6,,0.6,,11,2,0,0,0,11,0.85
HH,Quercus,0,1,,,,,,,,8.3,1.1,0.4,0.529826056,,,,,,,   
HH,Quercus,0,1,,,,,,,,6.3,0.32,0.4,0.60121714,0,15,32,0,0,32,0.68
HH,Quercus,0,1,,,,,,,,2.4,,0.4,,,,,,,,   
HH,Quercus,0,1,,,,,,,,6.5,,0.4,,,,,,,,   
HH,Quercus,0,1,,,,,,,,10.3,,0.4,,,,,,,,   
HH,Quercus,0,0,0,3.941438763,1.265580057,17.43943416,0.496240601,1.590137044,0.385476192,7.2,,0.6,0.591457875,1,5,8,0,0,9,0.64
HH,Quercus,0,0,0,3.941438763,1.265580057,17.43943416,0.496240601,1.590137044,0.385476192,6.7,0.2,0.6,0.590824608,0,2,21,0,0,21,0.91
HH,Quercus,0,0,0,3.941438763,1.265580057,17.43943416,0.496240601,1.590137044,0.385476192,9,1.6,0.6,0.588686295,2,8,14,0,0,16,0.67
HH,Quercus,0,0,0,3.941438763,1.265580057,17.43943416,0.496240601,1.590137044,0.385476192,10,,0.6,,,,,,,,   
HH,Quercus,0,0,0,3.941438763,1.265580057,17.43943416,0.496240601,1.590137044,0.385476192,8.8,0.43,0.6,,,,,,,,   
YB,Quercus,1,1,1.916,0.181926278,1.075743049,0.749769089,0.793984962,0.927191915,0.29,7,0.6,0.6,0.646863941,0,5,10,0,0,10,0.67
YB,Quercus,1,1,1.916,0.181926278,1.075743049,0.749769089,0.793984962,0.927191915,0.29,5,0.9,0.6,0.473453574,0,4,14,0,0,14,0.78
YB,Quercus,1,1,1.916,0.181926278,1.075743049,0.749769089,0.793984962,0.927191915,0.29,5,0.87,0.6,0.624526237,1,6,17,0,0,18,0.75
YB,Quercus,1,1,1.916,0.181926278,1.075743049,0.749769089,0.793984962,0.927191915,0.29,9.5,,0.6,,,,,,,,   
YB,Quercus,1,1,1.916,0.181926278,1.075743049,0.749769089,0.793984962,0.927191915,0.29,7.5,,0.6,,,,,,,,   
YB,Quercus,1,0,1.756,0.259512485,1.103427613,1.678423269,1.315037594,1.058151225,0.585131671,8.5,0.56,0.6,0.619353164,0,5,14,0,0,14,0.74
YB,Quercus,1,0,1.756,0.259512485,1.103427613,1.678423269,1.315037594,1.058151225,0.585131671,8.8,0.64,0.6,0.620571315,0,5,4,0,0,4,0.44
YB,Quercus,1,0,1.756,0.259512485,1.103427613,1.678423269,1.315037594,1.058151225,0.585131671,9.7,0.64,0.6,0.42543088,0,8,14,0,0,14,0.64
YB,Quercus,1,0,1.756,0.259512485,1.103427613,1.678423269,1.315037594,1.058151225,0.585131671,9.5,,0.6,,,,,,,,   
YB,Quercus,1,0,1.756,0.259512485,1.103427613,1.678423269,1.315037594,1.058151225,0.585131671,12,,0.6,,,,,,,,   
YB,Quercus,0,1,0.004,1.144173603,2.270134228,2.371279933,1.538345865,0.934176411,0.25,10,0.81,0.6,0.464099323,0,12,20,0,0,20,0.63
YB,Quercus,0,1,0.004,1.144173603,2.270134228,2.371279933,1.538345865,0.934176411,0.25,10.7,0.8,0.6,0.53812875,,,,,,,   
YB,Quercus,0,1,0.004,1.144173603,2.270134228,2.371279933,1.538345865,0.934176411,0.25,9.8,0.8,0.6,0.624306775,0,3,3,0,0,3,0.5
YB,Quercus,0,1,0.004,1.144173603,2.270134228,2.371279933,1.538345865,0.934176411,0.25,7,,0.6,,,,,,,,   
YB,Quercus,0,1,0.004,1.144173603,2.270134228,2.371279933,1.538345865,0.934176411,0.25,8.6,,0.6,,,,,,,,   
YB,Quercus,0,0,0.052,0.425386445,1.376318313,1.212913691,1.786466166,0.985687074,0.458600047,10.5,0.69,0.4,0.368183575,,,,,,,   
YB,Quercus,0,0,0.052,0.425386445,1.376318313,1.212913691,1.786466166,0.985687074,0.458600047,9.4,1.28,0.4,0.58587777,,,,,,,   
YB,Quercus,0,0,0.052,0.425386445,1.376318313,1.212913691,1.786466166,0.985687074,0.458600047,7.5,,0.4,,,,,,,,   
YB,Quercus,0,0,0.052,0.425386445,1.376318313,1.212913691,1.786466166,0.985687074,0.458600047,5.3,,0.4,,,,,,,,   
YB,Quercus,0,0,0.052,0.425386445,1.376318313,1.212913691,1.786466166,0.985687074,0.458600047,9.5,,0.4,,,,,,,,   